{"cameraMode":{"drawMode":0,"name":"Shaded","section":"Shading Mode"},"sceneLighting":true,"audioPlay":false,"sceneViewState":{"m_AlwaysRefresh":false,"showFog":true,"showSkybox":true,"showFlares":true,"showImageEffects":true,"showParticleSystems":true,"showVisualEffectGraphs":true,"m_FxEnabled":true},"in2DMode":false,"pivot":{"x":-2.1416587829589845,"y":1.8310564756393433,"z":1.4433070421218873},"rotation":{"x":0.17917412519454957,"y":0.3126053810119629,"z":-0.06036408245563507,"w":0.9309521913528442},"size":3.5337140560150148,"orthographic":false}